"imdb_id","title"
"tt0816692","Interstellar"
"tt0848228","The Avengers"
"tt1431045","Deadpool"
"tt4154756","Avengers: Infinity War"
"tt2015381","Guardians of the Galaxy"
"tt1853728","Django Unchained"
"tt4154796","Avengers: Endgame"
"tt0993846","The Wolf of Wall Street"
"tt2395427","Avengers: Age of Ultron"
"tt3498820","Captain America: Civil War"
"tt1345836","The Dark Knight Rises"
"tt1300854","Iron Man 3"
"tt1211837","Doctor Strange"
"tt1392190","Mad Max: Fury Road"
"tt1392170","The Hunger Games"
"tt2250912","Spider-Man: Homecoming"
"tt3896198","Guardians of the Galaxy Vol. 2"
"tt1386697","Suicide Squad"
"tt3501632","Thor: Ragnarok"
"tt0369610","Jurassic World"
"tt0478970","Ant-Man"
"tt3659388","The Martian"
"tt2488496","Star Wars: The Force Awakens"
"tt10872600","Spider-Man: No Way Home"
"tt2911666","John Wick"
"tt3183660","Fantastic Beasts and Where to Find Them"
"tt2380307","Coco"
"tt1843866","Captain America: The Winter Soldier"
"tt2267998","Gone Girl"
"tt0903624","The Hobbit: An Unexpected Journey"
"tt2975590","Batman v Superman: Dawn of Justice"
"tt1981115","Thor: The Dark World"
"tt0948470","The Amazing Spider-Man"
"tt5463162","Deadpool 2"
"tt1951264","The Hunger Games: Catching Fire"
"tt2084970","The Imitation Game"
"tt1727824","Bohemian Rhapsody"
"tt1790864","The Maze Runner"
"tt2802144","Kingsman: The Secret Service"
"tt3783958","La La Land"
"tt2294629","Frozen"
"tt5013056","Dunkirk"
"tt2948356","Zootopia"
"tt2872732","Lucy"
"tt2245084","Big Hero 6"
"tt1670345","Now You See Me"
"tt1951265","The Hunger Games: Mockingjay - Part 1"
"tt4154664","Captain Marvel"
"tt3890160","Baby Driver"
"tt6320628","Spider-Man: Far From Home"
"tt1074638","Skyfall"
"tt1454468","Gravity"
"tt1877832","X-Men: Days of Future Past"
"tt1677720","Ready Player One"
"tt0816711","World War Z"
"tt2527336","Star Wars: The Last Jedi"
"tt0770828","Man of Steel"
"tt4633694","Spider-Man: Into the Spider-Verse"
"tt2278388","The Grand Budapest Hotel"
"tt1798709","Her"
"tt2310332","The Hobbit: The Battle of the Five Armies"
"tt3460252","The Hateful Eight"
"tt1477834","Aquaman"
"tt1631867","Edge of Tomorrow"
"tt2283362","Jumanji: Welcome to the Jungle"
"tt2119532","Hacksaw Ridge"
"tt1217209","Brave"
"tt5095030","Ant-Man and the Wasp"
"tt1587310","Maleficent"
"tt1355644","Passengers"
"tt0454876","Life of Pi"
"tt0470752","Ex Machina"
"tt1872181","The Amazing Spider-Man 2"
"tt1856101","Blade Runner 2049"
"tt0974015","Justice League"
"tt1170358","The Hobbit: The Desolation of Smaug"
"tt7131622","Once Upon a Time… in Hollywood"
"tt3385516","X-Men: Apocalypse"
"tt2562232","Birdman or (The Unexpected Virtue of Ignorance)"
"tt1840309","Divergent"
"tt2179136","American Sniper"
"tt3606756","Incredibles 2"
"tt4425200","John Wick: Chapter 2"
"tt1663662","Pacific Rim"
"tt1951266","The Hunger Games: Mockingjay - Part 2"
"tt1772341","Wreck-It Ralph"
"tt1637725","Ted"
"tt1343092","The Great Gatsby"
"tt5580390","The Shape of Water"
"tt2277860","Finding Dory"
"tt2674426","Me Before You"
"tt8579674","1917"
"tt5726616","Call Me by Your Name"
"tt1045658","Silver Linings Playbook"
"tt1446714","Prometheus"
"tt1790809","Pirates of the Caribbean: Dead Men Tell No Tales"
"tt2322441","Fifty Shades of Grey"
"tt1517451","A Star Is Born"
"tt1392214","Prisoners"
"tt1457767","The Conjuring"
"tt2582846","The Fault in Our Stars"
"tt2024544","12 Years a Slave"
"tt6966692","Green Book"
"tt1690953","Despicable Me 2"
"tt4881806","Jurassic World: Fallen Kingdom"
"tt2103281","Dawn of the Planet of the Apes"
"tt4123430","Fantastic Beasts: The Crimes of Grindelwald"
"tt3110958","Now You See Me 2"
"tt2872718","Nightcrawler"
"tt1483013","Oblivion"
"tt2820852","Furious 7"
"tt2293640","Minions"
"tt2379713","Spectre"
"tt1659337","The Perks of Being a Wallflower"
"tt1630029","Avatar: The Way of Water"
"tt4630562","The Fate of the Furious"
"tt6146586","John Wick: Chapter 3 - Parabellum"
"tt3731562","Kong: Skull Island"
"tt1409024","Men in Black 3"
"tt4046784","Maze Runner: The Scorch Trials"
"tt7713068","Birds of Prey (and the Fantabulous Emancipation of One Harley Quinn)"
"tt1232829","21 Jump Street"
"tt1276104","Looper"
"tt4649466","Kingsman: The Golden Circle"
"tt2908446","Insurgent"
"tt6139732","Aladdin"
"tt5027774","Three Billboards Outside Ebbing, Missouri"
"tt1935859","Miss Peregrine's Home for Peculiar Children"
"tt6105098","The Lion King"
"tt7097896","Venom: Let There Be Carnage"
"tt1979376","Toy Story 4"
"tt5034838","Godzilla vs. Kong"
"tt2527338","Star Wars: The Rise of Skywalker"
"tt1430132","The Wolverine"
"tt4846340","Hidden Figures"
"tt1646971","How to Train Your Dragon 2"
"tt1706620","Snowpiercer"
"tt3794354","Sonic the Hedgehog"
"tt1485796","The Greatest Showman"
"tt0448115","Shazam!"
"tt6723592","Tenet"
"tt2584384","Jojo Rabbit"
"tt2953050","Encanto"
"tt1408101","Star Trek Into Darkness"
"tt1877830","The Batman"
"tt1293847","xXx: Return of Xander Cage"
"tt9376612","Shang-Chi and the Legend of the Ten Rings"
"tt0437086","Alita: Battle Angel"
"tt0831387","Godzilla"
"tt1673434","The Twilight Saga: Breaking Dawn - Part 2"
"tt1596363","The Big Short"
"tt1723121","We're the Millers"
"tt1535108","Elysium"
"tt2381249","Mission: Impossible - Rogue Nation"
"tt0455944","The Equalizer"
"tt1951261","The Hangover Part III"
"tt2126355","San Andreas"
"tt3450958","War for the Planet of the Apes"
"tt7349950","It Chapter Two"
"tt2798920","Annihilation"
"tt0790636","Dallas Buyers Club"
"tt9419884","Doctor Strange in the Multiverse of Madness"
"tt7975244","Jumanji: The Next Level"
"tt3778644","Solo: A Star Wars Story"
"tt2184339","The Purge"
"tt4925292","Lady Bird"
"tt3397884","Sicario"
"tt7126948","Wonder Woman 1984"
"tt2316204","Alien: Covenant"
"tt2194499","About Time"
"tt5164214","Ocean's Eight"
"tt3065204","The Conjuring 2"
"tt1895587","Spotlight"
"tt1024648","Argo"
"tt6334354","The Suicide Squad"
"tt3040964","The Jungle Book"
"tt2709768","The Secret Life of Pets"
"tt6264654","Free Guy"
"tt2109248","Transformers: Age of Extinction"
"tt1219827","Ghost in the Shell"
"tt1502397","Bad Boys for Life"
"tt1745960","Top Gun: Maverick"
"tt1469304","Baywatch"
"tt4912910","Mission: Impossible - Fallout"
"tt4477536","Fifty Shades Freed"
"tt1735898","Snow White and the Huntsman"
"tt9032400","Eternals"
"tt2294449","22 Jump Street"
"tt3470600","Sing"
"tt1823672","Chappie"
"tt1179933","10 Cloverfield Lane"
"tt2094766","Assassin's Creed"
"tt1365519","Tomb Raider"
"tt1259521","The Cabin in the Woods"
"tt4465564","Fifty Shades Darker"
"tt1490017","The Lego Movie"
"tt3799694","The Nice Guys"
"tt4550098","Nocturnal Animals"
"tt4500922","Maze Runner: The Death Cure"
"tt0359950","The Secret Life of Walter Mitty"
"tt2120120","Pixels"
"tt1667889","Ice Age: Continental Drift"
"tt7349662","BlacKkKlansman"
"tt4779682","The Meg"
"tt2239822","Valerian and the City of a Thousand Planets"
"tt1950186","Ford v Ferrari"
"tt3076658","Creed"
"tt2637276","Ted 2"
"tt7784604","Hereditary"
"tt1800241","American Hustle"
"tt1077368","Dark Shadows"
"tt6718170","The Super Mario Bros. Movie"
"tt5700672","Train to Busan"
"tt3263904","Sully"
"tt5433138","F9"
"tt1371111","Cloud Atlas"
"tt6806448","Fast & Furious Presents: Hobbs & Shaw"
"tt1964418","Tomorrowland"
"tt3469046","Despicable Me 3"
"tt2231461","Rampage"
"tt10648342","Thor: Love and Thunder"
"tt0790724","Jack Reacher"
"tt7653254","Marriage Story"
"tt1535109","Captain Phillips"
"tt3682448","Bridge of Spies"
"tt4263482","The Witch"
"tt1291150","Teenage Mutant Ninja Turtles"
"tt1617661","Jupiter Ascending"
"tt0803096","Warcraft"
"tt1428538","Hansel & Gretel: Witch Hunters"
"tt5884052","Pokémon Detective Pikachu"
"tt8228288","The Platform"
"tt1764651","The Expendables 2"
"tt4566758","Mulan"
"tt5109280","Raya and the Last Dragon"
"tt5109784","mother!"
"tt1623205","Oz the Great and Powerful"
"tt1446192","Rise of the Guardians"
"tt3410834","Allegiant"
"tt2660888","Star Trek Beyond"
"tt2302755","Olympus Has Fallen"
"tt1981677","Pitch Perfect"
"tt1815862","After Earth"
"tt1302006","The Irishman"
"tt1397280","Taken 2"
"tt2361509","The Intern"
"tt8772262","Midsommar"
"tt1655441","The Age of Adaline"
"tt1253863","300: Rise of an Empire"
"tt1606378","A Good Day to Die Hard"
"tt2975578","The Purge: Anarchy"
"tt2567026","Alice Through the Looking Glass"
"tt3553976","Captain Fantastic"
"tt1289401","Ghostbusters"
"tt1245492","This Is the End"
"tt6565702","Dark Phoenix"
"tt0918940","The Legend of Tarzan"
"tt3235888","It Follows"
"tt1649419","The Impossible"
"tt1636826","Project X"
"tt2406566","Atomic Blonde"
"tt1638355","The Man from U.N.C.L.E."
"tt2386490","How to Train Your Dragon: The Hidden World"
"tt1650554","Kick-Ass 2"
"tt1588173","Warm Bodies"
"tt5164432","Love, Simon"
"tt1959563","The Hitman's Bodyguard"
"tt3371366","Transformers: The Last Knight"
"tt5308322","Happy Death Day"
"tt4777008","Maleficent: Mistress of Evil"
"tt8332922","A Quiet Place Part II"
"tt1536537","What Happened to Monday"
"tt0829150","Dracula Untold"
"tt1628841","Independence Day: Resurgence"
"tt3079380","Spy"
"tt1277953","Madagascar 3: Europe's Most Wanted"
"tt1502712","Fantastic Four"
"tt4701182","Bumblebee"
"tt2140479","The Accountant"
"tt2321549","The Babadook"
"tt2873282","Red Sparrow"
"tt3464902","The Lobster"
"tt1907668","Flight"
"tt2404435","The Magnificent Seven"
"tt1210819","The Lone Ranger"
"tt0810819","The Danish Girl"
"tt2382320","No Time to Die"
"tt2692250","Night at the Museum: Secret of the Tomb"
"tt3741700","Godzilla: King of the Monsters"
"tt2304933","The 5th Wave"
"tt9114286","Black Panther: Wakanda Forever"
"tt1489889","Central Intelligence"
"tt6443346","Black Adam"
"tt1748122","Moonrise Kingdom"
"tt1731141","Ender's Game"
"tt0293429","Mortal Kombat"
"tt7069210","The Conjuring: The Devil Made Me Do It"
"tt5580036","I, Tonya"
"tt1645170","The Dictator"
"tt4034228","Manchester by the Sea"
"tt2704998","Game Night"
"tt4196776","Jason Bourne"
"tt2446042","Taken 3"
"tt1194173","The Bourne Legacy"
"tt1972591","King Arthur: Legend of the Sword"
"tt2267968","Kung Fu Panda 3"
"tt3606752","Cars 3"
"tt5140878","Annabelle: Creation"
"tt6472976","Five Feet Apart"
"tt8041270","Jurassic World Dominion"
"tt0401729","John Carter"
"tt6710474","Everything Everywhere All at Once"
"tt0870154","Jungle Cruise"
"tt1560220","Zombieland: Double Tap"
"tt1798684","Southpaw"
"tt1979388","The Good Dinosaur"
"tt7991608","Red Notice"
"tt1440129","Battleship"
"tt1234721","RoboCop"
"tt4682786","Collateral Beauty"
"tt1386703","Total Recall"
"tt2848292","Pitch Perfect 2"
"tt8367814","The Gentlemen"
"tt1464335","Uncharted"
"tt10838180","The Matrix Resurrections"
"tt6343314","Creed II"
"tt1213663","The World's End"
"tt1707386","Les Misérables"
"tt6791350","Guardians of the Galaxy Vol. 3"
"tt4094724","The Purge: Election Year"
"tt1706593","Chronicle"
"tt3622592","Paper Towns"
"tt1854564","Percy Jackson: Sea of Monsters"
"tt1065073","Boyhood"
"tt12593682","Bullet Train"
"tt4052882","The Shallows"
"tt1211956","Escape Plan"
"tt5362988","Wind River"
"tt1025100","Gemini Man"
"tt1634106","Bloodshot"
"tt1343727","Dredd"
"tt1648190","The Dark Tower"
"tt1351685","Jack the Giant Slayer"
"tt2554274","Crimson Peak"
"tt6450804","Terminator: Dark Fate"
"tt3766354","The Equalizer 2"
"tt10366206","John Wick: Chapter 4"
"tt11083552","Wrath of Man"
"tt2333784","The Expendables 3"
"tt4116284","The Lego Batman Movie"
"tt2381991","The Huntsman: Winter's War"
"tt2719848","Everest"
"tt1817273","The Place Beyond the Pines"
"tt11564570","Glass Onion: A Knives Out Mystery"
"tt2557478","Pacific Rim: Uprising"
"tt2005151","War Dogs"
"tt3393786","Jack Reacher: Never Go Back"
"tt8097030","Turning Red"
"tt2283336","Men in Black: International"
"tt1981128","Geostorm"
"tt5104604","Isle of Dogs"
"tt2334879","White House Down"
"tt3300542","London Has Fallen"
"tt9362722","Spider-Man: Across the Spider-Verse"
"tt1502407","Halloween"
"tt1571234","Mortal Engines"
"tt1538403","The Mortal Instruments: City of Bones"
"tt6294822","The Post"
"tt3829266","The Predator"
"tt5727208","Uncut Gems"
"tt3640424","Allied"
"tt1528100","Exodus: Gods and Kings"
"tt2278871","Blue Is the Warmest Color"
"tt0435651","The Giver"
"tt1288558","Evil Dead"
"tt12412888","Sonic the Hedgehog 2"
"tt1860357","Deepwater Horizon"
"tt4857264","The Invisible Guest"
"tt1666801","The DUFF"
"tt1939659","Carrie"
"tt3717490","Power Rangers"
"tt3416828","Ice Age: Collision Course"
"tt4438848","Neighbors 2: Sorority Rising"
"tt7144666","The Black Phone"
"tt1790885","Zero Dark Thirty"
"tt3532216","American Made"
"tt1605630","American Reunion"
"tt1860213","Dirty Grandpa"
"tt2582782","Hell or High Water"
"tt1980209","Pain & Gain"
"tt1590193","The Commuter"
"tt0816442","The Book Thief"
"tt3861390","Dumbo"
"tt3774114","Snowden"
"tt2180411","Into the Woods"
"tt2229499","Don Jon"
"tt2369135","Need for Speed"
"tt1355630","If I Stay"
"tt10954600","Ant-Man and the Wasp: Quantumania"
"tt3967856","Okja"
"tt5606664","Doctor Sleep"
"tt1397514","Journey 2: The Mysterious Island"
"tt6856242","The King's Man"
"tt2234155","The Internship"
"tt2191701","Grown Ups 2"
"tt6467266","Sing 2"
"tt2226417","Insidious: Chapter 2"
"tt1091191","Lone Survivor"
"tt1646987","Wrath of the Titans"
"tt6499752","Upgrade"
"tt4513678","Ghostbusters: Afterlife"
"tt2080374","Steve Jobs"
"tt4651520","Bad Moms"
"tt5433140","Fast X"
"tt1809398","Unbroken"
"tt7040874","A Simple Favor"
"tt1956620","Sex Tape"
"tt4501244","Why Him?"
"tt2170439","Horrible Bosses 2"
"tt10954652","Old"
"tt1878870","The Edge of Seventeen"
"tt1390411","In the Heart of the Sea"
"tt1272878","2 Guns"
"tt1267297","Hercules"
"tt1911658","Penguins of Madagascar"
"tt2404233","Gods of Egypt"
"tt4123432","Fantastic Beasts: The Secrets of Dumbledore"
"tt1321870","Gangster Squad"
"tt1606389","The Vow"
"tt1411250","Riddick"
"tt2557490","A Million Ways to Die in the West"
"tt1496025","Underworld: Awakening"
"tt15398776","Oppenheimer"
"tt1517260","The Host"
"tt1821694","RED 2"
"tt2106476","The Hunt"
"tt1872194","The Judge"
"tt3554046","Space Jam: A New Legacy"
"tt0790736","R.I.P.D."
"tt2404463","The Heat"
"tt5108870","Morbius"
"tt6133466","The First Purge"
"tt2222042","Love and Monsters"
"tt2101441","Spring Breakers"
"tt1931533","Seven Psychopaths"
"tt1398426","Straight Outta Compton"
"tt4731136","A Cure for Wellness"
"tt11138512","The Northman"
"tt5001718","Everything, Everything"
"tt0475290","Hail, Caesar!"
"tt1980929","Begin Again"
"tt1601913","The Grey"
"tt1335975","47 Ronin"
"tt0458481","Sin City: A Dame to Kill For"
"tt1206885","Rambo: Last Blood"
"tt1974419","The Neon Demon"
"tt0443272","Lincoln"
"tt1051904","Goosebumps"
"tt2850386","The Croods: A New Age"
"tt1389072","Downsizing"
"tt2402927","Carol"
"tt4209788","Molly's Game"
"tt11032374","Demon Slayer -Kimetsu no Yaiba- The Movie: Mugen Train"
"tt3717252","Underworld: Blood Wars"
"tt1327194","The Lucky One"
"tt5715874","The Killing of a Sacred Deer"
"tt6673612","Dolittle"
"tt1985949","The Angry Birds Movie"
"tt3104988","Crazy Rich Asians"
"tt4302938","Kubo and the Two Strings"
"tt1109624","Paddington"
"tt2203939","The Other Woman"
"tt2452244","Isn't It Romantic"
"tt2177771","The Monuments Men"
"tt1679335","Trolls"
"tt3348730","Jigsaw"
"tt4016934","The Handmaiden"
"tt1599348","Safe House"
"tt1126590","Big Eyes"
"tt6628394","Bad Times at the El Royale"
"tt1596365","The Woman in Black"
"tt5090568","Transformers: Rise of the Beasts"
"tt10954984","Nope"
"tt4034354","Swiss Army Man"
"tt1691916","Before I Fall"
"tt3949660","Teenage Mutant Ninja Turtles: Out of the Shadows"
"tt3416742","What We Do in the Shadows"
"tt2334873","Blue Jasmine"
"tt5439796","Logan Lucky"
"tt1482459","The Lorax"
"tt5776858","Phantom Thread"
"tt1086772","Blended"
"tt4172430","13 Hours: The Secret Soldiers of Benghazi"
"tt8760708","M3GAN"
"tt8350360","Annabelle Comes Home"
"tt5052474","Sicario: Day of the Soldado"
"tt6189022","Angel Has Fallen"
"tt3713166","Unfriended"
"tt1596350","This Means War"
"tt2024432","Identity Thief"
"tt2503944","Burnt"
"tt3691740","The BFG"
"tt4765284","Pitch Perfect 3"
"tt1649418","The Gray Man"
"tt3195644","Insidious: Chapter 3"
"tt6911608","Mamma Mia! Here We Go Again"
"tt2140373","Saving Mr. Banks"
"tt2274648","Hellboy"
"tt3416532","A Monster Calls"
"tt8155288","Happy Death Day 2U"
"tt1355683","Black Mass"
"tt4682266","The New Mutants"
"tt5028340","Mary Poppins Returns"
"tt1611224","Abraham Lincoln: Vampire Hunter"
"tt3522806","Mechanic: Resurrection"
"tt3011894","Wild Tales"
"tt1753383","A Dog's Purpose"
"tt1921064","Pompeii"
"tt5113044","Minions: The Rise of Gru"
"tt1292566","How to Be Single"
"tt7657566","Death on the Nile"
"tt2884206","I Origins"
"tt1667353","Mirror Mirror"
"tt1142977","Frankenweenie"
"tt2883512","Chef"
"tt3488710","The Walk"
"tt0837563","Pet Sematary"
"tt0439572","The Flash"
"tt4244994","The Last Duel"
"tt1855199","End of Watch"
"tt2726560","The Longest Ride"
"tt4954522","Raw"
"tt2096672","Dumb and Dumber To"
"tt2763304","T2 Trainspotting"
"tt2358891","The Great Beauty"
"tt1985966","Cloudy with a Chance of Meatballs 2"
"tt2132285","The Bling Ring"
"tt2053463","Side Effects"
"tt3316960","Still Alice"
"tt2592614","Resident Evil: The Final Chapter"
"tt7752126","Brightburn"
"tt4877122","The Emoji Movie"
"tt2679042","Hitman: Agent 47"
"tt9639470","Last Night in Soho"
"tt9777666","The Tomorrow War"
"tt9620292","Promising Young Woman"
"tt1915581","Magic Mike"
"tt11214590","House of Gucci"
"tt1961175","American Assassin"
"tt2241351","Money Monster"
"tt5033998","Charlie's Angels"
"tt1473832","Bridget Jones's Baby"
"tt2404311","The Family"
"tt1911644","The Call"
"tt1327773","The Butler"
"tt4823776","The SpongeBob Movie: Sponge on the Run"
"tt2388715","Oculus"
"tt1559547","Beautiful Creatures"
"tt1714206","The Spectacular Now"
"tt5638642","The Ritual"
"tt9484998","Palm Springs"
"tt5726086","Insidious: The Last Key"
"tt9770150","Nomadland"
"tt7401588","Instant Family"
"tt1205537","Jack Ryan: Shadow Recruit"
"tt2013293","The Wind Rises"
"tt1924396","The Best Offer"
"tt3411444","Ferdinand"
"tt5834426","Moonfall"
"tt1413492","12 Strong"
"tt0365907","A Walk Among the Tombstones"
"tt2199571","Run All Night"
"tt1212428","The Lost City of Z"
"tt4530422","Overlord"
"tt4073790","The Darkest Minds"
"tt1259528","Den of Thieves"
"tt3316948","American Ultra"
"tt0795461","Scary Movie 5"
"tt1754656","The Little Prince"
"tt1924435","Let's Be Cops"
"tt5814534","Spies in Disguise"
"tt2932536","47 Meters Down"
"tt2568862","Going in Style"
"tt1935179","Mud"
"tt2866360","Coherence"
"tt5742374","You Were Never Really Here"
"tt1549920","The Last Stand"
"tt1592873","LOL"
"tt0848537","Epic"
"tt3612616","Mommy"
"tt7740496","Nightmare Alley"
"tt4575576","Christopher Robin"
"tt2561572","Get Hard"
"tt3045616","Mortdecai"
"tt1800246","That Awkward Moment"
"tt1204977","Ouija"
"tt5649144","The Florida Project"
"tt2042568","Inside Llewyn Davis"
"tt2692904","Locke"
"tt1488589","Guillermo del Toro's Pinocchio"
"tt4062536","Green Room"
"tt3152624","Trainwreck"
"tt2262227","The Book of Life"
"tt1972779","The Best of Me"
"tt3387520","Scary Stories to Tell in the Dark"
"tt10151854","Shazam! Fury of the Gods"
"tt2582496","Me and Earl and the Dying Girl"
"tt1568338","Man on a Ledge"
"tt4572514","Patriots Day"
"tt10293406","The Power of the Dog"
"tt2436386","Project Almanac"
"tt3775086","They Call Me Jeeg"
"tt1489887","Booksmart"
"tt0498381","Rings"
"tt2400463","The Invitation"
"tt10665338","Halloween Kills"
"tt1137450","Death Wish"
"tt1121096","Seventh Son"
"tt5719748","Cold Pursuit"
"tt1229340","Anchorman 2: The Legend Continues"
"tt1781922","No Escape"
"tt2823054","Mike and Dave Need Wedding Dates"
"tt1374992","Upside Down"
"tt1623288","ParaNorman"
"tt2906216","Dungeons & Dragons: Honor Among Thieves"
"tt1298644","The Hustle"
"tt1791528","Inherent Vice"
"tt13069986","After We Fell"
"tt8695030","The Dead Don't Die"
"tt2357129","Jobs"
"tt1853739","You're Next"
"tt13345606","Evil Dead Rise"
"tt1361336","Tom & Jerry"
"tt3262342","Loving Vincent"
"tt4361050","Ouija: Origin of Evil"
"tt1034415","Suspiria"
"tt3513548","Richard Jewell"
"tt6932874","The Boss Baby: Family Business"
"tt6921996","Johnny English Strikes Again"
"tt5363618","Sound of Metal"
"tt1602613","Only God Forgives"
"tt3715320","Irrational Man"
"tt5462602","The Big Sick"
"tt0983946","Fantasy Island"
"tt6246322","Don't Breathe 2"
"tt1226837","Beautiful Boy"
"tt1656190","Safe"
"tt4913966","The Curse of La Llorona"
"tt8847712","The French Dispatch"
"tt0882977","Snitch"
"tt10327252","The Forever Purge"
"tt3072482","Hardcore Henry"
"tt1702439","Safe Haven"
"tt0864835","Mr. Peabody & Sherman"
"tt8613070","Portrait of a Lady on Fire"
"tt2226597","The Mountain Between Us"
"tt6920084","Resident Evil: Welcome to Raccoon City"
"tt3787590","We Are Your Friends"
"tt4695012","It Comes at Night"
"tt2209418","Before Midnight"
"tt4624424","Storks"
"tt2039338","Flatliners"
"tt1333125","Movie 43"
"tt1781769","Anna Karenina"
"tt1298649","The Watch"
"tt3381008","Grimsby"
"tt1029360","Poltergeist"
"tt1100089","Foxcatcher"
"tt2265171","The Raid 2"
"tt2058673","Point Break"
"tt6265828","A Ghost Story"
"tt3544112","Sing Street"
"tt5294550","All the Money in the World"
"tt1408253","Ride Along"
"tt4468740","Paddington 2"
"tt1758810","The Snowman"
"tt2076822","Chaos Walking"
"tt1020072","Selma"
"tt1608290","Zoolander 2"
"tt6663582","The Spy Who Dumped Me"
"tt11813216","The Banshees of Inisherin"
"tt2788732","Pete's Dragon"
"tt1682180","Stoker"
"tt9620288","King Richard"
"tt7139936","A Rainy Day in New York"
"tt6902676","Guns Akimbo"
"tt2017020","The Smurfs 2"
"tt4916630","Just Mercy"
"tt1924429","Trance"
"tt9224104","Meg 2: The Trench"
"tt1374989","Pride and Prejudice and Zombies"
"tt4560436","Mile 22"
"tt5592248","The Beguiled"
"tt5290524","Where Am I Going?"
"tt1615065","Savages"
"tt1758830","This Is 40"
"tt2119543","The House with a Clock in Its Walls"
"tt1714915","Only Lovers Left Alive"
"tt2172934","3 Days to Kill"
"tt1204975","Last Vegas"
"tt5523010","The Nutcracker and the Four Realms"
"tt11145118","Creed III"
"tt1600196","The Drop"
"tt1976009","Victor Frankenstein"
"tt9419056","The Unholy"
"tt5580266","The Hate U Give"
"tt2752772","Sinister 2"
"tt13375076","The Pope's Exorcist"
"tt1712261","Triple 9"
"tt2870756","Magic in the Moonlight"
"tt3513498","The Lego Movie 2: The Second Part"
"tt1083452","Eddie the Eagle"
"tt3181822","The Boy Next Door"
"tt1846589","Hunter Killer"
"tt1547234","Premium Rush"
"tt2494362","Bone Tomahawk"
"tt1524137","Contraband"
"tt1800741","Step Up Revolution"
"tt6791096","I Feel Pretty"
"tt2316801","Beauty and the Beast"
"tt6359956","A Bad Moms Christmas"
"tt11271038","Licorice Pizza"
"tt6587640","Trolls World Tour"
"tt10731256","Don't Worry Darling"
"tt1711525","Office Christmas Party"
"tt1243974","Aloha"
"tt2377322","Deliver Us from Evil"
"tt4799050","Rough Night"
"tt2106361","Into the Storm"
"tt2717822","Blackhat"
"tt1307068","Seeking a Friend for the End of the World"
"tt6850820","Peppermint"
"tt6324278","Abominable"
"tt1726592","Before I Go to Sleep"
"tt9071322","Dark Waters"
"tt2531344","Blockers"
"tt7405458","A Man Called Otto"
"tt4698684","Hunt for the Wilderpeople"
"tt2626350","Step Up All In"
"tt17663992","Scream VI"
"tt4547056","The Girl with All the Gifts"
"tt11851548","Orphan: First Kill"
"tt15679400","Knock at the Cabin"
"tt1321511","Oldboy"
"tt7458762","The Wolf's Call"
"tt4005402","Colonia"
"tt3013602","Babysitting"
"tt8368406","Vivarium"
"tt1206543","Out of the Furnace"
"tt1540011","Blair Witch"
"tt8688634","21 Bridges"
"tt4971344","The Sisters Brothers"
"tt2076298","Ip Man 4: The Finale"
"tt2649554","Midnight Special"
"tt2002718","Machete Kills"
"tt1418377","I, Frankenstein"
"tt14208870","The Fabelmans"
"tt5093026","Papillon"
"tt1462764","Indiana Jones and the Dial of Destiny"
"tt9844522","Escape Room: Tournament of Champions"
"tt2140619","Two Night Stand"
"tt2109184","Paranormal Activity 4"
"tt3168230","Mr. Holmes"
"tt1727776","Scouts Guide to the Zombie Apocalypse"
"tt1232200","That's My Boy"
"tt2170593","St. Vincent"
"tt8093700","The Woman King"
"tt5247022","Paterson"
"tt2193215","The Counselor"
"tt15791034","Barbarian"
"tt3819668","Dragon Ball Z: Resurrection 'F'"
"tt2243537","A Haunted House"
"tt1620680","A Wrinkle in Time"
"tt1592525","Lockout"
"tt4281724","Terrifier"
"tt3319920","Regression"
"tt2268016","Magic Mike XXL"
"tt1582507","House at the End of the Street"
"tt4853102","Batman: The Killing Joke"
"tt2328900","Mary Queen of Scots"
"tt6977338","Good Boys"
"tt0443465","Before We Go"
"tt2387433","Dark Skies"
"tt10539608","The Midnight Sky"
"tt4686844","The Death of Stalin"
"tt10342730","Spiral: From the Book of Saw"
"tt1686821","Vampire Academy"
"tt0453562","42"
"tt12261776","65"
"tt4873118","Guy Ritchie's The Covenant"
"tt8291806","Pain and Glory"
"tt4176826","Look Who's Back"
"tt1072748","Winchester"
"tt7322224","Triangle of Sadness"
"tt4540710","Miss Sloane"
"tt1727388","The Way Way Back"
"tt2397461","Clifford the Big Red Dog"
"tt1821549","Nebraska"
"tt9243804","The Green Knight"
"tt1790886","The Campaign"
"tt1365050","Beasts of No Nation"
"tt12003946","Violent Night"
"tt0491175","Suburbicon"
"tt2401878","Anomalisa"
"tt6878306","News of the World"
"tt3152592","Scoob!"
"tt7547410","Dora and the Lost City of Gold"
"tt2638144","Ben-Hur"
"tt4463894","Shaft"
"tt9214832","Emma."
"tt2888046","Ip Man 3"
"tt2576852","The Tale of The Princess Kaguya"
"tt1450321","Filth"
"tt6513120","Fighting with My Family"
"tt2869728","Ride Along 2"
"tt1838556","Honest Thief"
"tt1893256","Hummingbird"
"tt3530002","The Night Before"
"tt0787474","The Boxtrolls"
"tt1014763","Child 44"
"tt2910814","The Signal"
"tt1355631","The Infiltrator"
"tt8267604","Capernaum"
"tt3077214","Suffragette"
"tt5390504","Detroit"
"tt1971325","Automata"
"tt4645368","It's Only the End of the World"
"tt2974918","Alvin and the Chipmunks: The Road Chip"
"tt2910904","The Dressmaker"
"tt2967224","Hot Pursuit"
"tt3792960","The Brand New Testament"
"tt6095472","The Angry Birds Movie 2"
"tt5215952","The Wailing"
"tt2431286","Philomena"
"tt2025690","The Finest Hours"
"tt11291274","The Unbearable Weight of Massive Talent"
"tt1572315","Texas Chainsaw 3D"
"tt1881002","Maggie"
"tt1839492","Ruby Sparks"
"tt2017038","All Is Lost"
"tt0884732","The Wedding Ringer"
"tt1567609","Get the Gringo"
"tt1602620","Amour"
"tt0431021","The Possession"
"tt3203606","Trumbo"
"tt1034314","Iron Sky"
"tt1991245","Chernobyl Diaries"
"tt0938330","Silent Hill: Revelation 3D"
"tt3063516","Jackass Presents: Bad Grandpa"
"tt1234719","Red Dawn"
"tt14209916","Cocaine Bear"
"tt3224458","A Beautiful Day in the Neighborhood"
"tt3450650","Paul Blart: Mall Cop 2"
"tt5397194","Anon"
"tt2057392","Eye in the Sky"
"tt1430612","Brick Mansions"
"tt1711425","21 & Over"
"tt5613484","mid90s"
"tt3647498","Blood Father"
"tt5834262","Hotel Artemis"
"tt2083383","Trouble with the Curve"
"tt2347569","Frances Ha"
"tt3564472","Girls Trip"
"tt1730768","The Zookeeper's Wife"
"tt10665342","Halloween Ends"
"tt3829920","Only the Brave"
"tt10919380","Freaky"
"tt4761916","Unfriended: Dark Web"
"tt7153766","Unsane"
"tt0975645","Hitchcock"
"tt10633456","Minari"
"tt5688932","Sorry to Bother You"
"tt2398149","An Officer and a Spy"
"tt6402468","Blood Red Sky"
"tt7014006","Eighth Grade"
"tt3215824","Those Who Wish Me Dead"
"tt3850214","Dope"
"tt4136084","Florence Foster Jenkins"
"tt1322269","August: Osage County"
"tt2938956","The Transporter Refueled"
"tt5461944","Hotel Mumbai"
"tt2387559","Delivery Man"
"tt7638348","Boss Level"
"tt2402157","The November Man"
"tt1235522","Broken City"
"tt1124037","Free State of Jones"
"tt5664636","Goosebumps 2: Haunted Halloween"
"tt8385474","A Dog's Journey"
"tt1850397","The Loft"
"tt5699154","C'est la vie!"
"tt2101341","Dead Man Down"
"tt9784798","Judas and the Black Messiah"
"tt2005374","The Frozen Ground"
"tt2463288","Walk of Shame"
"tt8912936","DC League of Super-Pets"
"tt2359024","Blue Ruin"
"tt2980648","The Hundred-Foot Journey"
"tt2473682","Paranormal Activity: The Marked Ones"
"tt1648179","Here Comes the Boom"
"tt4878482","Dumplin'"
"tt2398241","Smurfs: The Lost Village"
"tt5886440","Marrowbone"
"tt0790628","The Incredible Burt Wonderstone"
"tt9411972","Where the Crawdads Sing"
"tt1082807","The Belko Experiment"
"tt2918436","The Lazarus Effect"
"tt1862079","Safety Not Guaranteed"
"tt0385887","Motherless Brooklyn"
"tt6513656","Escape Plan 2: Hades"
"tt2937898","A Most Violent Year"
"tt1478839","The Art of Racing in the Rain"
"tt0787524","The Man Who Knew Infinity"
"tt1742334","Sabotage"
"tt2837574","The Old Man & the Gun"
"tt2404425","Woman in Gold"
"tt3606888","A Street Cat Named Bob"
"tt7008872","Boy Erased"
"tt2403021","The Green Inferno"
"tt7329656","47 Meters Down: Uncaged"
"tt3841424","Land of Mine"
"tt1563742","Overboard"
"tt2828996","A Haunted House 2"
"tt3966404","Mustang"
"tt2473510","Paranormal Activity: The Ghost Dimension"
"tt9086228","Gretel & Hansel"
"tt2053425","Rust and Bone"
"tt2547584","The Light Between Oceans"
"tt1311071","Kill Your Darlings"
"tt3361792","Tolkien"
"tt5073642","Color Out of Space"
"tt1837709","Winter's Tale"
"tt4400058","Babysitting 2"
"tt2051879","Europa Report"
"tt4667094","Fifty Shades of Black"
"tt1741273","Secret in Their Eyes"
"tt2702724","The Boss"
"tt2872750","Shaun the Sheep Movie"
"tt1698641","Alexander and the Terrible, Horrible, No Good, Very Bad Day"
"tt1195478","The Five-Year Engagement"
"tt3099498","Tusk"
"tt2368619","Bastille Day"
"tt1486192","The Raven"
"tt1043726","The Legend of Hercules"
"tt5657856","Brawl in Cell Block 99"
"tt12789558","Belfast"
"tt1972571","A Most Wanted Man"
"tt1412386","The Best Exotic Marigold Hotel"
"tt0763831","A Thousand Words"
"tt5121816","The Bar"
"tt3759416","Asterix: The Mansions of the Gods"
"tt5177088","The Girl in the Spider's Web"
"tt1285009","The Strangers: Prey at Night"
"tt4572792","The Book of Henry"
"tt5322012","Wish Upon"
"tt2361317","Live by Night"
"tt6053438","First Reformed"
"tt4364194","The Peanut Butter Falcon"
"tt4154916","Replicas"
"tt2321405","My Life as a Zucchini"
"tt5734576","The Possession of Hannah Grace"
"tt5691670","Under the Silver Lake"
"tt1371150","This Is Where I Leave You"
"tt2370248","Short Term 12"
"tt10944760","Titane"
"tt1767354","Odd Thomas"
"tt2467046","Left Behind"
"tt2402101","Dark Places"
"tt1661382","Grudge Match"
"tt0493405","CHiPS"
"tt6556670","Serial (Bad) Weddings 2"
"tt4025514","Suburra"
"tt7734218","Stuber"
"tt1597522","Asterix & Obelix: God Save Britannia"
"tt2334649","Fruitvale Station"
"tt4595882","Can You Ever Forgive Me?"
"tt9603212","Mission: Impossible - Dead Reckoning Part One"
"tt1336608","Rock of Ages"
"tt3401882","Fist Fight"
"tt1655460","Wanderlust"
"tt1308729","Bullet to the Head"
"tt13405778","Insidious: The Red Door"
"tt2364841","Runner Runner"
"tt6000478","Roman J. Israel, Esq."
"tt9173418","Brahms: The Boy II"
"tt4030600","The Bye Bye Man"
"tt2396589","Mudbound"
"tt3960412","Popstar: Never Stop Never Stopping"
"tt3007512","The Water Diviner"
"tt1480656","Cosmopolis"
"tt1748179","Red Lights"
"tt1920849","Bachelorette"
"tt2103254","Tammy"
"tt2752200","Young & Beautiful"
"tt4103724","Forever My Girl"
"tt4714782","Personal Shopper"
"tt2126357","Second Act"
"tt4547194","I Kill Giants"
"tt1666185","All Eyez on Me"
"tt4257926","Miracles from Heaven"
"tt2091256","Captain Underpants: The First Epic Movie"
"tt1462769","The Odd Life of Timothy Green"
"tt5816682","Victoria & Abdul"
"tt3612126","The Grudge"
"tt1840417","The Words"
"tt2351310","The Flu"
"tt9354944","Jexi"
"tt1838544","Gone"
"tt3513500","Chip 'n Dale: Rescue Rangers"
"tt1931435","The Big Wedding"
"tt1766094","So Undercover"
"tt2034031","Laggies"
"tt1658837","The Tall Man"
"tt8178634","RRR"
"tt5727282","Borg vs McEnroe"
"tt3289724","Welcome to Marwen"
"tt7125860","If Beale Street Could Talk"
"tt7278824","The First King"
"tt4385888","20th Century Women"
"tt5932728","The Professor and the Madman"
"tt1160996","The Colony"
"tt2980210","A Hologram for the King"
"tt7985704","Operation Fortune: Ruse de Guerre"
"tt1258972","The Man with the Iron Fists"
"tt5649108","Thoroughbreds"
"tt1937264","Now Is Good"
"tt1433811","Disconnect"
"tt5968394","Captive State"
"tt2076220","Holy Motors"
"tt2179116","The Kings of Summer"
"tt8242084","My Spy"
"tt1791682","While We're Young"
"tt14039582","Drive My Car"
"tt7424200","Teen Titans Go! To the Movies"
"tt1591479","Act of Valor"
"tt1895315","Brimstone"
"tt2401097","Tracers"
"tt1967545","Labor Day"
"tt6398184","Downton Abbey"
"tt2614684","'71"
"tt9362930","Blue Beetle"
"tt10370710","The Worst Person in the World"
"tt10168670","Bones and All"
"tt5563334","The Good Liar"
"tt5198068","Wolfwalkers"
"tt4158096","Free Fire"
"tt11358390","Renfield"
"tt2937696","Everybody Wants Some!!"
"tt7616798","A Dog's Way Home"
"tt2172584","Maps to the Stars"
"tt4262980","Shin Godzilla"
"tt2771372","Veronica Mars"
"tt2493486","Last Knights"
"tt2059171","13 Sins"
"tt13070038","After Ever Happy"
"tt1990314","Robot & Frank"
"tt2101473","The Physician"
"tt1731701","Barely Lethal"
"tt4383594","Nine Lives"
"tt4827558","High Life"
"tt2515086","One Direction: This Is Us"
"tt1430626","The Pirates! In an Adventure with Scientists!"
"tt4334266","The Bad Batch"
"tt2762506","Bacurau"
"tt2140507","The Current War"
"tt4139124","Keanu"
"tt2125435","Beasts of the Southern Wild"
"tt9110170","Wrong Turn"
"tt3808342","Son of Saul"
"tt4537896","White Boy Rick"
"tt3986820","The Endless"
"tt7740510","Antlers"
"tt6212478","American Animals"
"tt2339741","The Woman in Black 2: Angel of Death"
"tt9198364","Three Thousand Years of Longing"
"tt1935897","Amityville: The Awakening"
"tt2668134","Space Pirate Captain Harlock"
"tt14060094","Blacklight"
"tt2994190","Camp X-Ray"
"tt1318517","The Man Who Killed Don Quixote"
"tt4682788","Loving Pablo"
"tt1758795","The To Do List"
"tt4669788","On the Basis of Sex"
"tt1714203","Piranha 3DD"
"tt5001754","Braven"
"tt1656186","Stolen"
"tt1308728","The Happytime Murders"
"tt5360952","The Hurricane Heist"
"tt1837703","The Fifth Estate"
"tt1724970","Beyond Skyline"
"tt3760922","My Big Fat Greek Wedding 2"
"tt1674771","Entourage"
"tt3014284","The Lego Ninjago Movie"
"tt7238392","Taxi 5"
"tt1748227","The Collection"
"tt3833480","The Outpost"
"tt6304046","Thelma"
"tt8236336","The Report"
"tt7745068","My Hero Academia: Two Heroes"
"tt12838766","Space Sweepers"
"tt2582502","Fathers and Daughters"
"tt1598828","One for the Money"
"tt3078296","The Invisible Boy"
"tt10362566","The Exorcism of God"
"tt3205376","Slow West"
"tt4504044","The Prodigy"
"tt2103267","Adore"
"tt1412528","Table 19"
"tt3399024","Samba"
"tt9686708","The King of Staten Island"
"tt6257174","The Miseducation of Cameron Post"
"tt2718492","Ida"
"tt1924245","Cry Macho"
"tt4048272","Toni Erdmann"
"tt1821658","The Nut Job"
"tt2338151","PK"
"tt2309260","The Gallows"
"tt7160070","Along with the Gods: The Two Worlds"
"tt5208252","Operation Finale"
"tt2515034","The Gunman"
"tt2023453","Diary of a Wimpy Kid: Dog Days"
"tt3553442","Whiskey Tango Foxtrot"
"tt14121726","Jeepers Creepers: Reborn"
"tt2006295","The 33"
"tt4669986","Loving"
"tt2345737","The Rover"
"tt1935194","Overdrive"
"tt14549466","Crimes of the Future"
"tt6491178","Dragged Across Concrete"
"tt5074352","Dangal"
"tt7545524","Ben Is Back"
"tt8368408","Gunpowder Milkshake"
"tt2382396","Joe"
"tt8356942","The 355"
"tt2113681","The 100 Year-Old Man Who Climbed Out the Window and Disappeared"
"tt6823148","Benedetta"
"tt2737050","Two Days, One Night"
"tt13640696","See How They Run"
"tt1596345","Pawn Sacrifice"
"tt2103217","Maniac"
"tt4532038","The War with Grandpa"
"tt14109724","Ticket to Paradise"
"tt2637294","Hot Tub Time Machine 2"
"tt6878038","A Taxi Driver"
"tt4621872","Like Crazy"
"tt19623240","Winnie the Pooh: Blood and Honey"
"tt2528814","God's Not Dead"
"tt2125608","Searching for Sugar Man"
"tt2707858","Yves Saint Laurent"
"tt10065694","Antebellum"
"tt3179568","Men, Women & Children"
"tt2016940","Man of Tai Chi"
"tt6528290","Knights of the Zodiac"
"tt14230388","Asteroid City"
"tt1704573","Bernie"
"tt4466864","The New Adventures of Aladdin"
"tt4844148","Mia and the White Lion"
"tt10208198","The Gangster, the Cop, the Devil"
"tt5493944","The Little Mermaid"
"tt2378281","Instructions Not Included"
"tt1441952","Salmon Fishing in the Yemen"
"tt1139592","Jeepers Creepers 3"
"tt9019352","No Manches Frida 2"
"tt8655470","The Specials"
"tt2479800","Palo Alto"
"tt1086064","Bill & Ted Face the Music"
"tt1650048","Laurence Anyways"
"tt1366365","The Cold Light of Day"
"tt8114980","Willy's Wonderland"
"tt2062700","Song to Song"
"tt7605074","The Wandering Earth"
"tt1621045","Think Like a Man"
"tt3813310","Cop Car"
"tt1276419","A Royal Affair"
"tt3864056","The Goldfinch"
"tt6133130","Professor Marston and the Wonder Women"
"tt5091612","A Bag of Marbles"
"tt0337692","On the Road"
"tt5186714","The Salesman"
"tt3095734","Monster Trucks"
"tt3504048","Housebound"
"tt1462900","The Grandmaster"
"tt8820590","T-34"
"tt6348138","Missing Link"
"tt5259966","No Manches Frida"
"tt1764183","Arbitrage"
"tt1731697","The Lords of Salem"
"tt1964624","In the House"
"tt2980706","Planes: Fire & Rescue"
"tt2140037","Jane Got a Gun"
"tt3702652","The Other Side of the Door"
"tt3721936","American Honey"
"tt4699388","Up for Love"
"tt2326554","A Girl Walks Home Alone at Night"
"tt3231054","Risen"
"tt1531901","Byzantium"
"tt1255919","Holmes & Watson"
"tt6205872","Assassination Nation"
"tt2935564","The Connection"
"tt2720680","The Salvation"
"tt1893195","ACAB : All Cops Are Bastards"
"tt6772804","Escape Plan: The Extractors"
"tt2390361","Enough Said"
"tt2281587","Muppets Most Wanted"
"tt6879446","Hidden Strike"
"tt2358925","Unfinished Business"
"tt2265398","Drinking Buddies"
"tt10196398","Bye Bye Morons"
"tt2170299","Bad Words"
"tt1999890","Hell Fest"
"tt14128670","Kimi"
"tt2378507","The Glass Castle"
"tt2317225","The Machine"
"tt8110652","Bodies Bodies Bodies"
"tt2515030","Escobar: Paradise Lost"
"tt5918982","Possessor"
"tt1424310","Chinese Zodiac"
"tt10310140","Fatman"
"tt2300975","Jessabelle"
"tt6107548","Late Night"
"tt2398231","The Homesman"
"tt1709143","The Last Days on Mars"
"tt2279339","Love the Coopers"
"tt4701724","Early Man"
"tt3835080","31"
"tt1291580","Behind the Candelabra"
"tt5092380","Just a Breath Away"
"tt1560985","The Devil Inside"
"tt6788942","Bad Genius"
"tt1535438","Hope Springs"
"tt1833116","The Informer"
"tt1472584","Max Steel"
"tt1001520","The Last Voyage of the Demeter"
"tt10457128","Summer of 85"
"tt8376234","Peter Rabbit 2: The Runaway"
"tt1621039","Free Birds"
"tt4648786","Harriet"
"tt5351818","Rock'n Roll"
"tt1441953","Testament of Youth"
"tt2452200","Son of a Gun"
"tt2094018","Hours"
"tt3296908","The Man with the Iron Heart"
"tt1929263","Heaven Is for Real"
"tt4685762","The Craft: Legacy"
"tt4495098","Gran Turismo"
"tt1869716","The East"
"tt1798603","Bad Santa 2"
"tt2452254","Clouds of Sils Maria"
"tt2244901","I Give It a Year"
"tt1524575","The Vatican Tapes"
"tt7133686","Next Gen"
"tt1620935","Bleed for This"
"tt1438173","Bait"
"tt4291600","Lady Macbeth"
"tt11655202","Riders of Justice"
"tt2097298","McFarland, USA"
"tt2891174","99 Homes"
"tt1613750","Kon-Tiki"
"tt1496422","The Paperboy"
"tt2438644","The Keeper of Lost Causes"
"tt7914416","One Cut of the Dead"
"tt4400038","Chocolat"
"tt2870708","Wish I Was Here"
"tt27155038","Ruby Gillman, Teenage Kraken"
"tt1712170","Alex Cross"
"tt3623726","Ricki and the Flash"
"tt9427166","Father There Is Only One"
"tt7972012","OSS 117: From Africa with Love"
"tt2058107","The Railway Man"
"tt2084989","Upstream Color"
"tt6811018","The Kid Who Would Be King"
"tt3172532","The Diary of a Teenage Girl"
"tt11466222","Jackass Forever"
"tt3722070","The Lady in the Van"
"tt5159414","Escape Room"
"tt5159414","Escape Room"
"tt2555736","The Second Best Exotic Marigold Hotel"
"tt6523720","The Quake"
"tt4042818","The Death & Life of John F. Donovan"
"tt8085790","Little"
"tt3202120","Barbecue"
"tt2296777","Sherlock Gnomes"
"tt12672536","The Three Musketeers: D'Artagnan"
"tt1181840","Jack and the Cuckoo-Clock Heart"
"tt4576612","Comment c'est loin"
"tt5867314","The Empty Man"
"tt2582500","Shut In"
"tt2114504","Woody Woodpecker"
"tt1742044","Jersey Boys"
"tt1178665","A Walk in the Woods"
"tt3672742","Turbo Kid"
"tt4703048","6 Days"
"tt0491203","Tulip Fever"
"tt2328678","The King's Daughter"
"tt2404181","Belle"
"tt1381404","The Company You Keep"
"tt0376479","American Pastoral"
"tt1540128","Playing for Keeps"
"tt3447590","Roald Dahl's Matilda the Musical"
"tt7339248","The Art of Self-Defense"
"tt1321510","In the Heights"
"tt2350496","The Lunchbox"
"tt2243389","I'm So Excited!"
"tt2441982","The Visitors: Bastille Day"
"tt4730986","Divines"
"tt2372251","Down a Dark Hall"
"tt10816484","18 Presents"
"tt2231489","Saint Seiya: Legend of Sanctuary"
"tt1694020","The Guilt Trip"
"tt1925431","Fire with Fire"
"tt2091473","Promised Land"
"tt1426329","Lovelace"
"tt2171867","Empire State"
"tt0887261","Hellraiser"
"tt4924942","The Invisible Guardian"
"tt2315200","Me, Myself and Mum"
"tt2581244","Life After Beth"
"tt8722346","Queen & Slim"
"tt2375605","The Act of Killing"
"tt11210390","Asterix & Obelix: The Middle Kingdom"
"tt0903657","Love & Mercy"
"tt2464018","My Mom Is a Character"
"tt1468846","Get a Job"
"tt2238032","Skiptrace"
"tt0804463","Devil's Knot"
"tt5016946","Handsome Devil"
"tt4516162","Martin Eden"
"tt1658801","Freeheld"
"tt1667310","Deadfall"
"tt6288124","Don't Worry, He Won't Get Far on Foot"
"tt6217926","Annette"
"tt8151874","Honey Boy"
"tt1971352","Compliance"
"tt15255876","Emily the Criminal"
"tt2652118","Crouching Tiger, Hidden Dragon: Sword of Destiny"
"tt1684233","Welcome to the Punch"
"tt2404738","Witching & Bitching"
"tt1783732","John Dies at the End"
"tt4645330","Denial"
"tt10364034","Miraculous: Ladybug & Cat Noir, The Movie"
"tt2365580","Where'd You Go, Bernadette"
"tt3212232","I Am Wrath"
"tt1571249","The Skeleton Twins"
"tt1535616","The Divide"
"tt2167202","Getaway"
"tt1814621","Admission"
"tt10521092","The Forgotten Battle"
"tt5827916","A Hidden Life"
"tt1716777","People Like Us"
"tt5761544","Kandahar"
"tt2865120","Ratchet & Clank"
"tt4795124","How to Be a Latin Lover"
"tt3140100","The Absent One"
"tt6408226","Newness"
"tt3963816","Marauders"
"tt3053228","Day of the Dead: Bloodline"
"tt2027140","Mood Indigo"
"tt2403029","The Starving Games"
"tt1798632","Firestarter"
"tt10366514","Eiffel"
"tt1878841","The Darkness"
"tt10986222","C'mon C'mon"
"tt1647668","Million Dollar Arm"
"tt2004432","Wolf Creek 2"
"tt0485985","Red Tails"
"tt1801552","Gotti"
"tt8110232","The Many Saints of Newark"
"tt9624766","Jiu Jitsu"
"tt1705952","Tarzan"
"tt5301662","Marshall"
"tt2032572","USS Indianapolis: Men of Courage"
"tt9340860","Let Him Go"
"tt2366608","Lost River"
"tt2343793","Third Person"
"tt1763264","No One Lives"
"tt2095649","Grace of Monaco"
"tt6423362","The Sun Is Also a Star"
"tt3707106","By the Sea"
"tt7134096","The Rhythm Section"
"tt1816518","Ernest & Celestine"
"tt6556890","Batman and Harley Quinn"
"tt1603257","ATM"
"tt1603257","ATM"
"tt1879016","Operation Mincemeat"
"tt4486986","All I See Is You"
"tt2675914","In Order of Disappearance"
"tt2183034","Earth to Echo"
"tt1034385","Cold Skin"
"tt2126235","Collide"
"tt8266310","Blinded by the Light"
"tt4411584","The Secret: Dare to Dream"
"tt13521006","Beau Is Afraid"
"tt1519461","Area 51"
"tt7601480","Major Grom: Plague Doctor"
"tt7064498","Return of the Hero"
"tt2513074","Billy Lynn's Long Halftime Walk"
"tt9381682","Diabolik"
"tt8116428","Along with the Gods: The Last 49 Days"
"tt15006566","The Beasts"
"tt2239832","Think Like a Man Too"
"tt22687790","A Haunting in Venice"
"tt4088268","A Conspiracy of Faith"
"tt3658772","Misconduct"
"tt1629757","Chasing Mavericks"
"tt1764625","Tad, the Lost Explorer"
"tt6643972","Triple Threat"
"tt2304953","Reasonable Doubt"
"tt3672840","Dragon Blade"
"tt19465630","Sniper: The White Raven"
"tt4951982","Kursk"
"tt3216348","Incarnate"
"tt8045906","Words on Bathroom Walls"
"tt2309961","Afflicted"
"tt6288694","Acts of Vengeance"
"tt1659338","The Numbers Station"
"tt7204348","El Angel"
"tt6494418","Siberia"
"tt5884234","First Kill"
"tt11285908","Ashfall"
"tt3480796","Vice"
"tt11506284","Father There Is Only One 2"
"tt2268458","These Final Hours"
"tt3068194","Love & Friendship"
"tt4196450","The Birth of a Nation"
"tt1817771","Freaks of Nature"
"tt1866249","The Sessions"
"tt3858372","Mune: Guardian of the Moon"
"tt3202202","Palm Trees in the Snow"
"tt11762434","Cosmic Sin"
"tt2034139","The Last Exorcism Part II"
"tt2304771","Mandela: Long Walk to Freedom"
"tt2097307","Hit & Run"
"tt10481868","Black Christmas"
"tt1810683","Little Boy"
"tt1995390","Our Kind of Traitor"
"tt9387250","Skylines"
"tt6367558","Double Lover"
"tt5941692","Miss Bala"
"tt2752758","Devil's Due"
"tt3387266","A United Kingdom"
"tt5808778","Skins"
"tt6127004","Paradise Hills"
"tt2473602","Get on Up"
"tt2473794","Mr. Turner"
"tt1772288","Danny Collins"
"tt3212812","My Mom Is a Character 2"
"tt1826590","About Last Night"
"tt10375106","Mandibles"
"tt10945274","Vicky and Her Mystery"
"tt15339456","Marcel the Shell with Shoes On"
"tt4807408","The Best of Enemies"
"tt3896102","Tad, the Lost Explorer, and the Secret of King Midas"
"tt10945288","The Wolf and the Lion"
"tt1654523","Night Train to Lisbon"
"tt10160976","The Nun II"
"tt1389139","When the Bough Breaks"
"tt11656220","Midnight in the Switchgrass"
"tt5656994","Project Gemini"
"tt4876134","The Misfits"
"tt10627720","Ne Zha"
"tt1629242","Careful What You Wish For"
"tt3614530","Jem and the Holograms"
"tt1781827","Hands of Stone"
"tt2282016","The Possession of Michael King"
"tt6063050","Acrimony"
"tt13539646","The Wandering Earth II"
"tt2027136","Kristy"
"tt16280138","Magic Mike's Last Dance"
"tt2674358","The Hunter's Prayer"
"tt5304464","Happy End"
"tt1969062","Infinitely Polar Bear"
"tt4131800","My Little Pony: The Movie"
"tt6062774","Monos"
"tt4061010","Blackway"
"tt1663207","Life of Crime"
"tt3655414","To Steal from a Thief"
"tt3125324","Beyond the Lights"
"tt2650978","The Dark Valley"
"tt9082020","Cold Blood"
"tt11140488","The Wolf of Snow Hollow"
"tt3471098","Maggie's Plan"
"tt3859304","The Bronze"
"tt14857730","The Enforcer"
"tt2099556","Antiviral"
"tt6760876","Wasp Network"
"tt3038708","Iron Sky: The Coming Race"
"tt1639826","Justin and the Knights of Valour"
"tt1836944","The Baytown Outlaws"
"tt3210686","Son of God"
"tt9284430","The Best Is Yet to Come"
"tt3014666","Moms' Night Out"
"tt2609222","The French Minister"
"tt8380776","Grand Isle"
"tt1798243","Rudderless"
"tt3687310","Criminal Activities"
"tt2076176","My Way"
"tt2720826","Birth of the Dragon"
"tt9357050","Dear Evan Hansen"
"tt1132285","The Factory"
"tt8097306","Nobody's Fool"
"tt1821480","Kahaani"
"tt5208950","Kickboxer: Retaliation"
"tt7286966","Money Plane"
"tt3714720","The Hollars"
"tt1403241","Wolves"
"tt3563262","Submergence"
"tt7903530","We Die Young"
"tt4191580","Meet the Blacks"
"tt11535228","Emergency Declaration"
"tt1945062","About Cherry"
"tt1602472","2 Days in New York"
"tt5851904","The Big Bad Fox and Other Tales"
"tt14391088","The Monkey King: Reborn"
"tt2215719","Katy Perry: Part of Me"
"tt3729920","The Disappearance of Eleanor Rigby: Them"
"tt4466894","Sahara"
"tt2195548","Prince Avalanche"
"tt14941698","Tad, the Lost Explorer and the Emerald Tablet"
"tt1323973","The Trials of Cate McCall"
"tt9608818","Our Friend"
"tt3967878","Illang: The Wolf Brigade"
"tt15575470","Project Wolf Hunting"
"tt1854236","Love Is All You Need"
"tt4651410","Precious Cargo"
"tt1838603","Mr. Morgan's Last Love"
"tt3319730","The Mercy"
"tt5420210","The Comeback Trail"
"tt3541262","The Admiral: Roaring Currents"
"tt10521814","K-12"
"tt5451244","The Motive"
"tt1488181","Zambezia"
"tt7466442","The Bob's Burgers Movie"
"tt3735246","Bajirao Mastani"
"tt17024450","The Equalizer 3"
"tt12889404","Cyrano"
"tt2094064","Much Ado About Nothing"
"tt15090124","Mad God"
"tt6574272","Phoenix Forgotten"
"tt3638396","Closet Monster"
"tt6113488","The Case for Christ"
"tt0857190","The Sweeney"
"tt11204094","The Duke"
"tt1545106","Vamps"
"tt4428398","Paws of Fury: The Legend of Hank"
"tt7204006","Love and Bullets"
"tt4199898","Playmobil: The Movie"
"tt1833673","Dhoom 3"
"tt5973626","Batman: Return of the Caped Crusaders"
"tt1609479","Better Living Through Chemistry"
"tt2063781","Smashed"
"tt3322420","Queen"
"tt2908856","My Old Lady"
"tt13061914","Locked Down"
"tt2145829","Robot Overlords"
"tt13235822","Umma"
"tt4008566","The Influence"
"tt1641841","Skin Trade"
"tt5935704","Padmaavat"
"tt5653294","Flight Crew"
"tt4943322","The Ottoman Lieutenant"
"tt5270948","Chappaquiddick"
"tt4110388","Superlopez"
"tt5460880","Ideal Home"
"tt2094898","Nous York"
"tt2083355","The Best Man Holiday"
"tt7131870","Wolf Warrior 2"
"tt5975354","Like Mother, Like Daughter"
"tt5691024","Show Dogs"
"tt2325977","Strangerland"
"tt3743042","Lake Bodom"
"tt9288726","Mama Weed"
"tt4726636","Slack Bay"
"tt4950110","I'm Not Ashamed"
"tt6722802","Marlowe"
"tt2181931","English Vinglish"
"tt5969696","The Battleship Island"
"tt11456054","Run Hide Fight"
"tt2292959","The Canyons"
"tt1273221","London Fields"
"tt2387408","The Damned"
"tt6044910","Operation Mekong"
"tt4669186","Kevin Hart: What Now?"
"tt9541602","Extreme Job"
"tt1230168","Same Kind of Different as Me"
"tt10199586","Atlantics"
"tt1770734","Shadow Dancer"
"tt20330434","The Crime Is Mine"
"tt7158430","Hearts Beat Loud"
"tt3324494","Next Time I'll Aim for the Heart"
"tt10409498","Only the Animals"
"tt2375574","A Field in England"
"tt4379536","Slam"
"tt2178470","Yeh Jawaani Hai Deewani"
"tt7076834","Satan's Slaves"
"tt3896100","Capture the Flag"
"tt2461132","Happy New Year"
"tt8545482","Zone 414"
"tt2176013","Jab Tak Hai Jaan"
"tt20465746","Last Night of Amore"
"tt9252488","The Secrets We Keep"
"tt2396566","20 Feet from Stardom"
"tt2356180","Bhaag Milkha Bhaag"
"tt1838520","The Truth About Emanuel"
"tt1713440","Smoke & Mirrors"
"tt1930294","Black Rock"
"tt4429194","Paris Can Wait"
"tt1226766","The Great Gilly Hopkins"
"tt11729298","American Underdog"
"tt2041488","Thunderstruck"
"tt7294150","The Eight Hundred"
"tt1780967","Seberg"
"tt6834916","Legacy of Lies"
"tt3881026","Rendel"
"tt4631532","Our Lovers"
"tt8185182","Long Day's Journey into Night"
"tt2182972","Song One"
"tt5721088","Just Getting Started"
"tt4733536","American Hero"
"tt2165236","Turning Tide"
"tt15471560","Smoking Causes Coughing"
"tt1376213","The Adventurer: The Curse of the Midas Box"
"tt4743226","Air Strike"
"tt1132449","Lay the Favorite"
"tt12264966","Notre-Dame on Fire"
"tt3162938","The True Cost"
"tt3501416","Assassination"
"tt5946128","Dear Zindagi"
"tt5286444","Neerja"
"tt5238240","The Stronghold"
"tt1815708","Freelancers"
"tt8378126","Queen of Hearts"
"tt13055982","Savage Salvation"
"tt2081194","Hansel and Gretel Get Baked"
"tt5748392","Escape Room"
"tt5748392","Escape Room"
"tt9894470","VFW"
"tt8323104","Nancy Drew and the Hidden Staircase"
"tt4276752","Mojin: The Lost Legend"
"tt3390572","Haider"
"tt1741243","Pawn Shop Chronicles"
"tt8615822","Occupation: Rainfall"
"tt4960748","Till"
"tt6251024","Office Uprising"
"tt2187884","Escape from Tomorrow"
"tt3113696","Don't Kill It"
"tt1852770","Dracula 3D"
"tt3202098","Lou!"
"tt7176054","Cosmoball"
"tt2283748","OMG: Oh My God!"
"tt2318527","Hell Baby"
"tt1707380","Every Thing Will Be Fine"
"tt3864024","Lazer Team"
"tt10545696","Maigret"
"tt2032557","The Reluctant Fundamentalist"
"tt7946836","Animal World"
"tt9285882","Blue Story"
"tt3540136","Wolf Warrior"
"tt1507563","Dark Tide"
"tt12137964","Anything for Jackson"
"tt3405236","Raees"
"tt5439812","Zola"
"tt17009710","Anatomy of a Fall"
"tt2609912","Kevin Hart: Let Me Explain"
"tt1158939","Never Grow Old"
"tt1846985","A Flat for Three"
"tt12745164","Cats & Dogs 3: Paws Unite"
"tt4693612","Mr. Stein Goes Online"
"tt1867093","The Samaritan"
"tt5991410","Lord, Give Me Patience"
"tt3165608","Justin Bieber's Believe"
"tt4871980","The Perfect Match"
"tt6652708","God's Not Dead: A Light in Darkness"
"tt12753120","The Burning Sea"
"tt3920820","Brian Banks"
"tt1490785","I Saw the Light"
"tt5153288","Backstabbing for Beginners"
"tt1787988","Talaash"
"tt7218518","Pad Man"
"tt14412366","A Day to Die"
"tt5222768","White Fang"
"tt2893490","Manglehorn"
"tt1673697","The Sapphires"
"tt4074928","Realive"
"tt4939066","Operation Chromite"
"tt1171222","Baggage Claim"
"tt6774786","Occupation"
"tt6841122","Summerland"
"tt6423776","Let the Sunshine In"
"tt17277414","Jeanne du Barry"
"tt3485166","The Pirates"
"tt21867434","BlackBerry"
"tt4594834","Chi-Raq"
"tt4651466","Joe Bell"
"tt4258698","Southside with You"
"tt2357377","The Berlin File"
"tt2556874","Plastic"
"tt4244162","Beta Test"
"tt9224288","Mainstream"
"tt11128440","Clerks III"
"tt3089778","The Treatment"
"tt3300572","Stung"
"tt4412362","My Big Night"
"tt4387040","Airlift"
"tt5996202","The Net"
"tt3321428","Torrente 5"
"tt3776826","Operation Avalanche"
"tt1667307","Damsels in Distress"
"tt1691152","David Lynch: The Art Life"
"tt6697582","Arif V 216"
"tt8020896","An Elephant Sitting Still"
"tt8329148","Astro Kid"
"tt3004544","Pete's Christmas"
"tt2758904","Search Party"
"tt5897636","Summer 1993"
"tt1945044","Exeter"
"tt0762138","Syrup"
"tt2967008","The Face of an Angel"
"tt2377938","Special 26"
"tt3767372","Piku"
"tt2301592","The Dance of Reality"
"tt5997666","Jab Harry Met Sejal"
"tt2425486","Gloria"
"tt6155374","Redbad"
"tt2215285","Madea's Witness Protection"
"tt2586118","The Ardennes"
"tt4183692","Woodlawn"
"tt5314190","Sgt. Stubby: An American Hero"
"tt2752688","Rosewater"
"tt4558200","Crown Vic"
"tt20168564","Alienoid"
"tt2392830","A Quiet Passion"
"tt4511566","Navy Seals vs. Zombies"
"tt7220754","Heavy Trip"
"tt1483324","At Middleton"
"tt2034761","Journey to the Christmas Star"
"tt3170902","Theeb"
"tt2586120","Racer and the Jailbird"
"tt1403214","Paradise: Love"
"tt1885300","Best Man Down"
"tt7703924","Infamous"
"tt4400994","The Ballad of Lefty Brown"
"tt2544766","Admiral"
"tt8290698","The Spy Gone North"
"tt9581076","So Long, My Son"
"tt4538916","Finding Your Feet"
"tt3022458","The Shamer's Daughter"
"tt5436228","Woman Walks Ahead"
"tt2016894","Ek Tha Tiger"
"tt9155512","The Visitor from the Future"
"tt5813916","The Mountain II"
"tt15452062","Cairo Conspiracy"
"tt2395469","Gully Boy"
"tt2402085","Jimi: All Is by My Side"
"tt1662293","Nothing Left to Fear"
"tt1924277","Unit 7"
"tt2371486","A Company Man"
"tt4629032","The Dawns Here Are Quiet"
"tt1029231","Krrish 3"
"tt1551630","Pawn"
"tt5711148","Film Stars Don't Die in Liverpool"
"tt6053938","The Laws of Thermodynamics"
"tt3007132","Daylight's End"
"tt2872724","Out of the Dark"
"tt5698568","1898: Our Last Men in the Philippines"
"tt1792647","Cirque du Soleil: Worlds Away"
"tt4630444","Being Charlie"
"tt4685806","The Con Is On"
"tt0780548","Kid Cannabis"
"tt3719896","My All American"
"tt17491040","The Pirates: The Last Royal Treasure"
"tt8242160","4 latas"
"tt2082221","Nameless Gangster"
"tt2243621","The Snow Queen"
"tt2172071","Student of the Year"
"tt6967980","Bareilly Ki Barfi"
"tt2955096","Happy Christmas"
"tt5764096","Hindi Medium"
"tt2317337","Vicky Donor"
"tt21307994","Skinamarink"
"tt1710396","Joyful Noise"
"tt2186715","Cold War"
"tt6817944","About Endlessness"
"tt2936180","Far from Men"
"tt6322922","An Inconvenient Sequel: Truth to Power"
"tt11618536","Shithouse"
"tt4729560","The Little Vampire 3D"
"tt6315750","Cook Up a Storm"
"tt1659216","Spiders"
"tt1786751","CBGB"
"tt2815902","The Childhood of a Leader"
"tt6108090","Secret Superstar"
"tt6175394","The Last Warrior"
"tt7080422","Dragon Rider"
"tt2070862","Temptation: Confessions of a Marriage Counselor"
"tt2980554","The Girl in the Book"
"tt6931414","The Great Battle"
"tt5231916","Scribe"
"tt22394702","Detective Knight: Independence"
"tt4337690","90 Minutes in Heaven"
"tt7098658","Raazi"
"tt2818654","Cemetery of Splendor"
"tt14577304","Fortress: Sniper's Eye"
"tt5816374","Band Aid"
"tt4307692","Dreamgirls"
"tt4411618","In Dubious Battle"
"tt9531772","Sooryavanshi"
"tt3745620","Gods"
"tt5987402","Three Seconds"
"tt3576728","Bilal: A New Breed of Hero"
"tt1678051","Soldiers of Fortune"
"tt2486682","The Square"
"tt4778988","LBJ"
"tt3739110","The Yellow Birds"
"tt4701702","Mr. Six"
"tt1959409","Imaginaerum"
"tt4967094","Our Times"
"tt3480886","ma ma"
"tt4788934","The Guardian Brothers"
"tt5884784","The Super"
"tt4353996","The King's Choice"
"tt2319018","The Ultimate Accessory"
"tt1781775","Beneath the Darkness"
"tt3236120","I'll See You in My Dreams"
"tt11687104","Alice, Darling"
"tt2465140","The Single Moms Club"
"tt9208444","Impractical Jokers: The Movie"
"tt2372678","2 States"
"tt4105584","Deep"
"tt3661798","A Girl at My Door"
"tt9185206","Are You There God? It's Me, Margaret."
"tt9095324","Coldplay: A Head Full of Dreams"
"tt4434004","Udta Punjab"
"tt7985648","The Legend of Tomiris"
"tt7339792","Unbroken: Path to Redemption"
"tt9074574","Dogs Don't Wear Pants"
"tt7541720","Music"
"tt2372222","Kick"
"tt1847746","The German Doctor"
"tt1568343","The Humbling"
"tt2328813","Hard to Be a God"
"tt5044656","The Shadow Effect"
"tt20879602","Maybe I Do"
"tt5591458","The Legend of the Chupacabras"
"tt2042583","The Golden Dream"
"tt13391708","The Five Devils"
"tt13923456","Mafia Mamma"
"tt3547306","Cut Throat City"
"tt11285280","Together Together"
"tt1849718","Agneepath"
"tt2190838","Stage Fright"
"tt3018070","Stonewall"
"tt1667354","The Painted Bird"
"tt3518012","Best of Enemies"
"tt5580536","Arsenal"
"tt8173728","The Wolf House"
"tt6493286","1987: When the Day Comes"
"tt3261302","Dinosaur Island"
"tt3582040","Boomerang"
"tt8373206","About My Father"
"tt4110568","Dil Dhadakne Do"
"tt1839642","The Face of Love"
"tt4056738","Do You Believe?"
"tt5974030","The Jesus Rolls"
"tt2024506","Straight A's"
"tt2968804","Drive Hard"
"tt4254584","Kicks"
"tt5460548","Corporate"
"tt3014910","Finding Altamira"
"tt9597838","Shock Wave 2"
"tt2852376","Heli"
"tt13141250","The Ritual Killer"
"tt1885265","Good Deeds"
"tt2359810","Raanjhanaa"
"tt1002563","The Young Messiah"
"tt7725596","Badhaai Ho"
"tt0249516","Foodfight!"
"tt6588966","Hichki"
"tt1985017","Atlas Shrugged: Part II"
"tt4687848","Railroad Tigers"
"tt2253742","R2B: Return to Base"
"tt2856930","Gagarin: First in Space"
"tt5226984","Tom of Finland"
"tt7587604","Dynasty Warriors"
"tt1790869","In Their Skin"
"tt5982852","Jolly LLB 2"
"tt2494384","Aloft"
"tt8983202","Kabir Singh"
"tt2187115","Child's Pose"
"tt7826276","Profile"
"tt1745686","The Wall"
"tt4973112","Hitting the Apex"
"tt10796286","Dear Comrades!"
"tt6749318","Speed Kills"
"tt11703244","The Blackening"
"tt10083340","Gangubai Kathiawadi"
"tt5460276","Kaabil"
"tt1760967","Ill Manors"
"tt6628322","Shanghai Fortress"
"tt7016254","Synonyms"
"tt10473036","The Amazing Maurice"
"tt1855401","Tim and Eric's Billion Dollar Movie"
"tt1817676","Girl in Progress"
"tt3214286","A LEGO Brickumentary"
"tt7439064","The Rising Hawk"
"tt3634940","The Target"
"tt1876451","Sparkle"
"tt9845398","End of the Century"
"tt9052870","Chhichhore"
"tt6527456","Asphalt Burning"
"tt5481184","League of Gods"
"tt1656177","Target Number One"
"tt0315642","Wazir"
"tt3678782","Badlapur"
"tt2785288","Jack Strong"
"tt5078852","Lansky"
"tt9697780","Slalom"
"tt5956100","Tiger Zinda Hai"
"tt1697800","Die in a Gunfight"
"tt4238858","The Fits"
"tt1764275","The Deep"
"tt12844910","Pathaan"
"tt1222815","Chimpanzee"
"tt1703125","Someday This Pain Will Be Useful to You"
"tt2210834","Jimmy P."
"tt2332707","Blind Detective"
"tt2328549","Dark Touch"
"tt3640682","I Smile Back"
"tt13846402","The Passengers of the Night"
"tt2514338","Jauja"
"tt2210463","Battle of the Damned"
"tt2165765","Fear Clinic"
"tt7942742","Her Smell"
"tt1925479","Officer Down"
"tt8406660","Inmate Zero"
"tt6053948","Sunday's Illness"
"tt8354344","Witches in the Woods"
"tt2077908","Zarafa"
"tt4613272","Kaili Blues"
"tt3341072","Firestorm"
"tt10737918","Shin Ultraman"
"tt2168910","Cocktail"
"tt9883996","Dream Horse"
"tt18079362","80 for Brady"
"tt14578032","God's Not Dead: We The People"
"tt8366590","Baaghi 3"
"tt3668162","Bangalore Days"
"tt4353270","Echo Boomers"
"tt3213684","1944"
"tt2967856","Another Day of Life"
"tt2855648","Madras Cafe"
"tt1462901","All Is Bright"
"tt6032328","Finding Steve McQueen"
"tt19783626","Arthur: Malediction"
"tt14927188","The Exorcist"
"tt1733105","Bekas"
"tt6901252","Above the Law"
"tt2818178","When Animals Dream"
"tt1821427","Offender"
"tt15342244","Master Gardener"
"tt5290882","Detective Chinatown"
"tt3595298","Prem Ratan Dhan Payo"
"tt2226519","Plush"
"tt2459022","Lost in Thailand"
"tt13829262","Rubikon"
"tt5456546","Judwaa 2"
"tt4086032","Frankenstein"
"tt2112131","Dabangg 2"
"tt2041331","Sx_Tape"
"tt6910020","Nothing to Lose"
"tt5606538","Confidential Assignment"
"tt1366338","Lowriders"
"tt1797348","7 Days in Havana"
"tt2436516","Go Goa Gone"
"tt2204315","Saving Santa"
"tt4981966","24"
"tt3092552","Life Feels Good"
"tt20768712","Book Club: The Next Chapter"
"tt2309788","The Gatekeepers"
"tt1980986","Housefull 2"
"tt3569356","Not Cool"
"tt13680520","9 Bullets"
"tt3763866","Zoom"
"tt5273624","Journey to the West: The Demons Strike Back"
"tt7839456","The Prayer"
"tt4929038","The Ornithologist"
"tt0959306","Reach Me"
"tt4374460","Aferim!"
"tt5970844","Thugs of Hindostan"
"tt7863198","I'm Losing It"
"tt5129818","Under the Sun"
"tt6979756","Creation of the Gods I: Kingdom of Storms"
"tt4814290","Te3n"
"tt13421498","The Lost King"
"tt2403558","Catch Hell"
"tt1730687","Darling Companion"
"tt7752454","Detective Chinatown 2"
"tt11877386","Caravaggio's Shadow"
"tt0443533","The History of Love"
"tt3001638","Mary Kom"
"tt3704298","Vincent N Roxxy"
"tt4591310","The Monkey King 2"
"tt2201548","A Teacher"
"tt2072220","Saving General Yang"
"tt3155654","Hide and Seek"
"tt7183578","Project Gutenberg"
"tt7294534","Arjun Reddy"
"tt6826438","Parmanu: The Story of Pokhran"
"tt2241691","Under the Rainbow"
"tt6589464","The Prison"
"tt5282006","The Duelist"
"tt4899406","Neon Bull"
"tt3495000","Mardaani"
"tt2332522","Leviathan"
"tt14534992","Moonbound"
"tt8110330","Dil Bechara"
"tt0995854","A Journal for Jordan"
"tt3447364","Detective Byomkesh Bakshy!"
"tt2411144","The Queen of Spain"
"tt4129428","Jagga Jasoos"
"tt7531096","StarDog and TurboCat"
"tt3401748","Oddball"
"tt5815492","1945"
"tt3291150","Expend4bles"
"tt2914838","R100"
"tt1396523","Revenge of the Green Dragons"
"tt2296404","Tai Chi Hero"
"tt5153860","Female Fight Squad"
"tt14586118","Driving Madeleine"
"tt10195452","American Skin"
"tt19623228","Godland"
"tt2077833","Rowdy Rathore"
"tt1266036","Valley Girl"
"tt3526706","Chevalier"
"tt1817191","Another Woman's Life"
"tt4009460","Saving Christmas"
"tt2924392","Higher Power"
"tt2113659","Elsa & Fred"
"tt2199711","Vishwaroopam"
"tt1865346","Detention of the Dead"
"tt10315050","Dampyr"
"tt1828959","Make Your Move"
"tt2785390","America: Imagine the World Without Her"
"tt2083231","Java Heat"
"tt2215221","The Nun"
"tt4466490","Sieranevada"
"tt3043252","Parched"
"tt1881109","Zeroville"
"tt1464191","Decoding Annie Parker"
"tt3520290","Blunt Force Trauma"
"tt2875926","My Sweet Pepper Land"
"tt2187153","Thuppakki"
"tt3182620","Bitter Harvest"
"tt8959680","One Second"
"tt2390283","Midnight Sun"
"tt2204340","The Four"
"tt1966385","City of Tiny Lights"
"tt17527468","Bottoms"
"tt10098448","Jesus Revolution"
"tt3801314","Kaththi"
"tt1849111","Superstar"
"tt6299040","The Ghazi Attack"
"tt2121304","The Informant"
"tt2231208","Rio 2096: A Story of Love and Fury"
"tt2209300","Aftermath"
"tt5646136","Hillary's America: The Secret History of the Democratic Party"
"tt14598598","Aloners"
"tt6836936","Saaho"
"tt5871080","The Whiskey Bandit"
"tt1618432","I'm in Love with a Church Girl"
"tt2717558","On the Job"
"tt2611626","Force of Execution"
"tt3430416","Schneider vs. Bax"
"tt10702148","The Killing of Two Lovers"
"tt13462900","The Battle at Lake Changjin"
"tt6020428","The Pagan King"
"tt2210769","Liza, the Fox-Fairy"
"tt5842624","Call of Heroes"
"tt1321869","The Lovers"
"tt2553908","Cinco de Mayo: The Battle"
"tt6302164","Game of Death"
"tt3859980","Mohenjo Daro"
"tt2361700","Antarctica: A Year on Ice"
"tt8119680","Dark Figure of Crime"
"tt1977739","Call Girl"
"tt5952382","Abacus: Small Enough to Jail"
"tt5474042","Half Girlfriend"
"tt5071886","Kabali"
"tt8721556","Jallikattu"
"tt2766268","The Games Maker"
"tt1876330","Hello Herman"
"tt2308260","A Night in Old Mexico"
"tt3742284","NH10"
"tt3062170","Buddy"
"tt8746404","Marmaduke"
"tt14547524","National Champions"
"tt9537292","Ala Vaikunthapurramuloo"
"tt15354916","Jawan"
"tt9124428","One Love"
"tt2534634","The Fencer"
"tt9016016","Saint Frances"
"tt1015471","The Sisterhood of Night"
"tt12311866","Children of the Corn"
"tt1699755","Peeples"
"tt2580658","The Choice"
"tt0817545","The Power of Few"
"tt10925852","A Mouthful of Air"
"tt2018086","Camille Claudel, 1915"
"tt2069955","Border Run"
"tt4141024","Help, I Shrunk My Teacher"
"tt4659056","The Day Will Come"
"tt1785669","Vikingdom"
"tt3277624","Creative Control"
"tt15327088","Kantara"
"tt1230215","Not Fade Away"
"tt10896398","Boogie"
"tt2536436","App"
"tt3433074","Mrs. Brown's Boys D'Movie"
"tt15734582","Irati"
"tt6083388","God of War"
"tt2369041","Legendary: Tomb of the Dragon"
"tt6333056","City of Ghosts"
"tt1891788","It Was the Son"
"tt2296747","Come What May"
"tt2106741","The Bullet Vanishes"
"tt1596753","Salinger"
"tt1777595","50 to 1"
"tt10370822","Detective Chinatown 3"
"tt5470222","Contract to Kill"
"tt9173002","The Goya Murders"
"tt2379318","Bright Days Ahead"
"tt2359002","Daylight"
"tt2184227","Dormant Beauty"
"tt3187378","The Asian Connection"
"tt1772261","The Curse of Downers Grove"
"tt2343617","Heart of a Lion"
"tt3476480","Maestro"
"tt17009856","Winter Boy"
"tt5804314","Let There Be Light"
"tt3303730","Obsessed"
"tt5668770","Mardaani 2"
"tt6147260","Panic Attack"
"tt2551894","26 Years"
"tt4616250","The Perfect Weapon"
"tt2324384","The Notebook"
"tt21807222","Saw X"
"tt1946381","Red Sky"
"tt2395421","The Priest's Children"
"tt1934269","Yossi"
"tt2656588","Buzzard"
"tt16194408","The Battle at Lake Changjin: Water Gate Bridge"
"tt2349460","Grace Unplugged"
"tt2181831","Shahid"
"tt3837248","Love Live! The School Idol Movie"
"tt4729896","Apostasy"
"tt2178256","The Rocket"
"tt2357461","Honey"
"tt2678948","Jilla"
"tt2304459","23 Blast"
"tt2094767","August. Eighth"
"tt2209386","You Are God"
"tt2806788","Fukrey"
"tt5618752","A Gentle Creature"
"tt12915716","Adipurush"
"tt3841866","Happy 140"
"tt3614516","Ankhon Dekhi"
"tt2797242","Bombay Talkies"
"tt11566164","Secret Zoo"
"tt1425922","Black Nativity"
"tt1844203","Inescapable"
"tt2338846","Gold"
"tt7519174","Of Fathers and Sons"
"tt7263664","Brothers' Nest"
"tt5158522","The Levelling"
"tt1758575","Blue Like Jazz"
"tt10028196","Laal Singh Chaddha"
"tt2865558","Kiki's Delivery Service"
"tt1835955","Errors of the Human Body"
"tt3865478","11 Minutes"
"tt5108476","Befikre"
"tt2051894","Home Run"
"tt1562873","Suave Patria"
"tt10773090","Sarileru Neekevvaru"
"tt3253232","The Bounce Back"
"tt3921314","Muhammad: The Messenger of God"
"tt3486080","Lancaster Skies"
"tt19820538","Next Sohee"
"tt10341040","Around the World in 80 Days"
"tt3454424","Where Is Anne Frank"
"tt4663548","All Saints"
"tt6038600","Smolensk"
"tt6601502","Ray & Liz"
"tt2403393","Desert Dancer"
"tt7392212","Rangasthalam"
"tt5197544","Baar Baar Dekho"
"tt3201736","Run the Race"
"tt4467194","Ceasefire"
"tt1480658","Eddie: The Sleepwalking Cannibal"
"tt0804509","The Mule"
"tt6712014","Fukrey Returns"
"tt4714896","On Wings of Eagles"
"tt7917178","Caveat"
"tt4340720","Chain of Command"
"tt2298394","Free the Nipple"
"tt7465992","Mahanati"
"tt6466464","The Monkey King 3"
"tt13328800","Girl Picture"
"tt2191394","ATM"
"tt2191394","ATM"
"tt4211312","The White King"
"tt5320514","Action Hero Biju"
"tt5034276","The Phone"
"tt11433048","Wild Indian"
"tt16496386","97 Minutes"
"tt5662550","Dead Trigger"
"tt13846414","Fabian: Going to the Dogs"
"tt1918886","Joker"
"tt2763764","Running Man"
"tt2106537","Matru Ki Bijlee Ka Mandola"
"tt2979920","Bombay Velvet"
"tt1456606","Rio, I Love You"
"tt7049420","With the Wind"
"tt8205028","The Story of My Wife"
"tt3700456","Blinky Bill the Movie"
"tt7518786","83"
"tt22180518","Disco Boy"
"tt4558042","Elstree 1976"
"tt5465370","Akira"
"tt2534660","In the Crosswind"
"tt2071441","Dangerous Liaisons"
"tt3660370","Party Girl"
"tt6903440","Manikarnika: The Queen of Jhansi"
"tt1493157","Nature Calls"
"tt2042443","Steel"
"tt1922679","Open Road"
"tt2664712","Captain Sabertooth and the Treasure of Lama Rama"
"tt11398346","Strawberry Mansion"
"tt5472374","Meri Pyaari Bindu"
"tt2503954","Broken Horses"
"tt2371399","Moomins on the Riviera"
"tt6523174","Hunting Emma"
"tt2345561","Grandmaster"
"tt3903852","Vigilante Diaries"
"tt2739338","The Christmas Candle"
"tt2796678","The Opposite Sex"
"tt8239806","The White Storm 2: Drug Lords"
"tt2643308","Kicking Off"
"tt3591984","The Postman's White Nights"
"tt10314548","Heart of Champions"
"tt4633662","The Charnel House"
"tt3953834","Cart"
"tt7758160","Goodachari"
"tt4156924","Big Match"
"tt7601296","The Legend of Halloween Jack"
"tt2555958","Arrambam"
"tt14834542","The In-Laws"
"tt4137324","Magician: The Astonishing Life and Work of Orson Welles"
"tt2166214","Khiladi 786"
"tt2576450","Besharam"
"tt4703182","Camp Cool Kids"
"tt1931466","Knife Fight"
"tt10023024","Love Aaj Kal"
"tt19719862","The Worst Ones"
"tt8506840","I Do Not Care If We Go Down in History as Barbarians"
"tt1555069","Mary, Queen of Scots"
"tt2414046","The Amazing Catfish"
"tt5457772","Sarrainodu"
"tt1674772","Everybody Has a Plan"
"tt3135556","Jimmy Vestvood: Amerikan Hero"
"tt2480454","The Grump"
"tt6690310","Extraordinary Mission"
"tt4591840","A Christmas Star"
"tt14149544","Stories Not to be Told"
"tt4726988","My Love or My Passion"
"tt4909752","Rangoon"
"tt7224520","Ever After"
"tt2048824","Old Fashioned"
"tt2202471","Love"
"tt3814808","Funny Cow"
"tt1693039","Pinocchio"
"tt2049511","No Tell Motel"
"tt25377462","A Guilty Conscience"
"tt2002868","Anegan"
"tt5347122","A Young Man With High Potential"
"tt1951218","Piggy"
"tt18924506","2000 Mules"
"tt9648672","Street Dancer 3D"
"tt6421366","Convoy"
"tt1762233","Enchanted Kingdom"
"tt5161658","Bling"
"tt7952920","Relaxer"
"tt8639326","Roe v. Wade"
"tt2246837","Maattrraan"
"tt11604676","Nayattu"
"tt2131698","Zaytoun"
"tt4150494","The Here After"
"tt11531530","Varane Avashyamund"
"tt5120640","Sarbjit"
"tt8390612","The County"
"tt2551378","Bullett Raja"
"tt3175888","Dukhtar"
"tt2654360","Deceptive Practice: The Mysteries and Mentors of Ricky Jay"
"tt3398048","Tevar"
"tt15441054","Gadar 2"
"tt2476552","West"
"tt19783714","Luxembourg, Luxembourg"
"tt1950135","Drunk Wedding"
"tt2807410","Rudhramadevi"
"tt2357926","Ramaiya Vastavaiya"
"tt9263550","Rocketry: The Nambi Effect"
"tt5842616","Veere Di Wedding"
"tt2284790","Wings"
"tt14099334","Bhediya"
"tt8925540","Racetime"
"tt2873250","Once Upon a Forest"
"tt6173644","Derailed"
"tt2301155","Shootout at Wadala"
"tt2793930","Maryan"
"tt3625516","MindGamers"
"tt0403935","Action Jackson"
"tt3619772","Hate Story 2"
"tt1105355","Growing Up Smith"
"tt8411144","Kaappaan"
"tt9054970","Doctor G"
"tt3805180","All at Once"
"tt9612680","Human Nature"
"tt2558022","Bunker of the Dead"
"tt4906960","Baadshaho"
"tt2246724","Ghanchakkar"
"tt21431680","Three Nights a Week"
"tt6785292","Marona's Fantastic Tale"
"tt13841874","The Sacred Spirit"
"tt3952226","Prophecy"
"tt2014346","Somebody Up There Likes Me"
"tt1797487","Savannah"
"tt13845660","Beautiful Beings"
"tt3569326","Hollidaysburg"
"tt19891500","For My Country"
"tt1450330","Roadie"
"tt8094252","NGK"
"tt5851680","One Last Deal"
"tt1764198","Best Laid Plans"
"tt1781784","Burn"
"tt6950594","Perfect World"
"tt2322641","The Turning"
"tt5283288","Scarecrows"
"tt4363250","Lost in the Pacific"
"tt2360446","The Hooligan Factory"
"tt15801594","Lighting Up the Stars"
"tt2359668","Bad Girl"
"tt8047208","Taxiwala"
"tt2550112","Control"
"tt18071320","Inside Man"
"tt1986769","Alone Yet Not Alone"
"tt1211890","Middle of Nowhere"
"tt4847546","Blood Feast"
"tt2184335","Urban Hymn"
"tt5722530","Maligno"
"tt12564514","Preparations to Be Together for an Unknown Period of Time"
"tt3483712","Raja Natwarlal"
"tt2396489","Five Fingers for Marseilles"
"tt15654262","Chup"
"tt1706317","Tezz"
"tt5161018","Budapest Noir"
"tt8363914","No Safe Spaces"
"tt5098836","I Believe in Miracles"
"tt4902904","The Resurrection of Gavin Stone"
"tt9806468","It Snows in Benidorm"
"tt5913184","Spitfire"
"tt7356382","Congo"
"tt14275050","More Than Ever"
"tt6421118","Songbird"
"tt2123342","Underdogs"
"tt1606829","The Other Dream Team"
"tt5194226","Scoop!"
"tt3110770","Road Hard"
"tt1869425","Filly Brown"
"tt16148552","The Lost Boys"
"tt7186036","Volcano"
"tt8462814","Servants"
"tt3906444","But Always"
"tt2416376","Swim Little Fish Swim"
"tt5495792","Wonders of the Sea 3D"
"tt13231544","About Dry Grasses"
"tt6253546","Role Models"
"tt3569788","Naan Sigappu Manithan"
"tt7402400","Swoon"
"tt1822311","Sparrows Dance"
"tt4843762","Waterboys"
"tt1766044","Rita's Last Fairy Tale"
"tt2722786","Jungle Shuffle"
"tt2147597","Cinderella"
"tt11024580","Rang De"
"tt2357958","Marighella"
"tt2327453","Offline"
"tt2403880","The Girl from the Wardrobe"
"tt2186933","Luv Shuv Tey Chicken Khurana"
"tt1800351","One Night in Istanbul"
"tt1798291","This Is Martin Bonner"
"tt15837338","PAW Patrol: The Mighty Movie"
"tt13957560","Dumb Money"
"tt11414492","A Little Princess"
"tt11127404","Kaduva"
"tt3850544","Hillsong: Let Hope Rise"
"tt8269248","Vakeel Saab"
"tt9729206","Diner"
"tt2587198","The Gangster"
"tt1907639","Hardflip"
"tt11253090","Annaatthe"
"tt6680792","CarGo"
"tt6398666","Some Like It Hot"
"tt2194497","Coming Home"
"tt4003774","Meet the Mormons"
"tt3831366","To Life!"
"tt2147225","Black November"
"tt5001130","Time to Choose"
"tt9056822","The Man in the Hat"
"tt2290113","Along the Roadside"
"tt4704314","To Be Frank: Sinatra at 100"
"tt4064912","Shine"
"tt2768766","Faith Connections"
"tt16408428","No Looking Back"
"tt3072636","The Past Is a Grotesque Animal"
"tt4462082","Counting"
"tt5253372","Battle of the Sexes"
"tt9476430","The Manson Brothers: Midnight Zombie Massacre"
"tt22079134","In a Better World"
"tt14994296","Superposition"
"tt8591526","Fremont"
"tt26256406","Banel & Adama"
"tt1521242","Tortoise in Love"
"tt22474470","Duran Duran - A Hollywood High"
"tt2239866","Tiktik: The Aswang Chronicles"
"tt2406636","Bhoot Returns"
"tt2386257","White Lies"
"tt1826753","Tasting Menu"
"tt5297140","Lahore Se Aagey"
"tt8277246","His Only Son"
"tt2311428","Windsor Drive"
"tt7657364","Gothic Harvest"
"tt4333662","They Will Have to Kill Us First"
"tt2373324","Men at Lunch"
"tt6846708","The Flock"
"tt2363303","Dark Water"
"tt14617732","Poppy"
"tt20627718","Unfavorable Odds"
"tt12818328","Hundreds of Beavers"
"tt9362492","Restore Point"
"tt23640230","Smoke Sauna Sisterhood"
"tt16277242","Society of the Snow"
"tt14966898","Late Night with the Devil"
"tt2386502","A Long Way Off"
"tt7816386","Jawani Phir Nahi Ani 2"
"tt8479910","My Name Is Gulpilil"
"tt6404166","Original Sin"
"tt13918118","Gull"
"tt4903334","Gunman"
"tt9463622","The Village Detective: A Song Cycle"
